Food_Category,Average of Calories,Average of Protein (g)
Fruits,91.625,0.952631579
Vegetables,66.64680105,2.531047327
Grains and Pasta,245.4345992,7.440295359
Dairy and Egg Products,182.0218069,10.77605919
Beans and Lentils,188.1286031,11.71567627
Nuts and Seeds,512.4853801,15.57812865
Fish,158.2721137,19.15209302
Meats,205.2587719,21.35014411
