Row Labels,Average of Calories,Average of Protein (g)
Beans and Lentils,188.1286031,11.71567627
Dairy and Egg Products,182.0218069,10.77605919
Fats and Oils,598.677686,0.586528926
Fish,158.2721137,19.15209302
Fruits,91.625,0.952631579
Grains and Pasta,245.4345992,7.440295359
Meats,205.2587719,21.35014411
Nuts and Seeds,512.4853801,15.57812865
Vegetables,66.64680105,2.531047327
